id;nombre;pbm;correo
1;Luis Lopez;89;luis.lopez1@mail.com
2;Laura Ortega;66;laura.ortega2@mail.com
3;Sofia Gil;65;sofia.gil3@mail.com
4;Daniel Lopez;17;daniel.lopez4@mail.com
5;Daniel Torres;13;daniel.torres5@mail.com
6;Samuel Hernandez;42;samuel.hernandez6@mail.com
7;Diana Ortega;7;diana.ortega7@mail.com
8;Daniel Mendoza;6;daniel.mendoza8@mail.com
9;Carlos Martinez;60;carlos.martinez9@mail.com
10;Sofia Ortega;47;sofia.ortega10@mail.com
11;Pedro Ruiz;59;pedro.ruiz11@mail.com
12;Laura Rios;34;laura.rios12@mail.com
13;Laura Perez;37;laura.perez13@mail.com
14;Andres Torres;89;andres.torres14@mail.com
15;Sofia Gil;45;sofia.gil15@mail.com
16;Ana Vargas;99;ana.vargas16@mail.com
17;Samuel Gomez;9;samuel.gomez17@mail.com
18;Pedro Rios;99;pedro.rios18@mail.com
19;Miguel Mendoza;81;miguel.mendoza19@mail.com
20;Luis Sanchez;74;luis.sanchez20@mail.com
21;Diana Acosta;25;diana.acosta21@mail.com
22;Samuel Gil;61;samuel.gil22@mail.com
23;Lorena Gomez;41;lorena.gomez23@mail.com
24;Sofia Hernandez;41;sofia.hernandez24@mail.com
25;Andres Ruiz;70;andres.ruiz25@mail.com
26;Valentina Ruiz;27;valentina.ruiz26@mail.com
27;Valentina Acosta;18;valentina.acosta27@mail.com
28;Jose Castro;74;jose.castro28@mail.com
29;Daniel Ramirez;52;daniel.ramirez29@mail.com
30;Andres Ramirez;80;andres.ramirez30@mail.com
31;Miguel Sanchez;40;miguel.sanchez31@mail.com
32;Pedro Gomez;50;pedro.gomez32@mail.com
33;Jose Perez;73;jose.perez33@mail.com
34;Jose Torres;57;jose.torres34@mail.com
35;Carlos Vargas;3;carlos.vargas35@mail.com
36;Valentina Gil;85;valentina.gil36@mail.com
37;Carlos Mendoza;7;carlos.mendoza37@mail.com
38;Pedro Hernandez;52;pedro.hernandez38@mail.com
39;Samuel Gil;18;samuel.gil39@mail.com
40;Jose Gomez;40;jose.gomez40@mail.com
41;Sofia Ramirez;93;sofia.ramirez41@mail.com
42;Daniel Mendoza;18;daniel.mendoza42@mail.com
43;Daniel Rios;43;daniel.rios43@mail.com
44;Valentina Hernandez;43;valentina.hernandez44@mail.com
45;Camila Ramirez;99;camila.ramirez45@mail.com
46;Samuel Rios;21;samuel.rios46@mail.com
47;Daniel Rios;25;daniel.rios47@mail.com
48;Lorena Ortega;25;lorena.ortega48@mail.com
49;Felipe Gil;73;felipe.gil49@mail.com
50;Camila Ortega;15;camila.ortega50@mail.com
51;Felipe Ruiz;84;felipe.ruiz51@mail.com
52;Miguel Perez;24;miguel.perez52@mail.com
53;Andrea Hernandez;37;andrea.hernandez53@mail.com
54;Mateo Ortega;84;mateo.ortega54@mail.com
55;Daniel Ruiz;87;daniel.ruiz55@mail.com
56;Samuel Acosta;84;samuel.acosta56@mail.com
57;Diana Castro;21;diana.castro57@mail.com
58;Luis Hernandez;34;luis.hernandez58@mail.com
59;Luis Castro;99;luis.castro59@mail.com
60;Diana Gil;1;diana.gil60@mail.com
61;Valentina Vargas;28;valentina.vargas61@mail.com
62;Daniel Ortega;21;daniel.ortega62@mail.com
63;Diana Perez;77;diana.perez63@mail.com
64;Luis Gil;52;luis.gil64@mail.com
65;Andres Mendoza;90;andres.mendoza65@mail.com
66;Valentina Ortega;85;valentina.ortega66@mail.com
67;Carlos Ortega;17;carlos.ortega67@mail.com
68;Sofia Gil;40;sofia.gil68@mail.com
69;Diana Ortega;31;diana.ortega69@mail.com
70;Ana Lopez;24;ana.lopez70@mail.com
71;Andres Martinez;94;andres.martinez71@mail.com
72;Laura Mendoza;53;laura.mendoza72@mail.com
73;Diana Vargas;57;diana.vargas73@mail.com
74;Lorena Castro;93;lorena.castro74@mail.com
75;Miguel Hernandez;33;miguel.hernandez75@mail.com
76;Pedro Gil;15;pedro.gil76@mail.com
77;Miguel Hernandez;73;miguel.hernandez77@mail.com
78;Diana Acosta;69;diana.acosta78@mail.com
79;Ana Vargas;34;ana.vargas79@mail.com
80;Daniel Vargas;73;daniel.vargas80@mail.com
81;Samuel Lopez;16;samuel.lopez81@mail.com
82;Andres Cortes;10;andres.cortes82@mail.com
83;Juan Torres;84;juan.torres83@mail.com
84;Laura Acosta;25;laura.acosta84@mail.com
85;Diana Perez;4;diana.perez85@mail.com
86;Sofia Torres;99;sofia.torres86@mail.com
87;Samuel Gil;93;samuel.gil87@mail.com
88;Juan Castro;71;juan.castro88@mail.com
89;Ana Rios;85;ana.rios89@mail.com
90;Maria Martinez;28;maria.martinez90@mail.com
91;Maria Lopez;94;maria.lopez91@mail.com
92;Carlos Rios;81;carlos.rios92@mail.com
93;Daniel Ramirez;67;daniel.ramirez93@mail.com
94;Juan Ramirez;39;juan.ramirez94@mail.com
95;Lorena Ruiz;28;lorena.ruiz95@mail.com
96;Camila Cortes;3;camila.cortes96@mail.com
97;Pedro Garcia;86;pedro.garcia97@mail.com
98;Sofia Rios;23;sofia.rios98@mail.com
99;Daniel Lopez;94;daniel.lopez99@mail.com
100;Ana Martinez;77;ana.martinez100@mail.com
101;Camila Hernandez;100;camila.hernandez101@mail.com
102;Luis Gil;84;luis.gil102@mail.com
103;Daniel Perez;8;daniel.perez103@mail.com
104;Miguel Perez;22;miguel.perez104@mail.com
105;Camila Ramirez;96;camila.ramirez105@mail.com
106;Daniel Castro;56;daniel.castro106@mail.com
107;Andres Cortes;10;andres.cortes107@mail.com
108;Maria Hernandez;34;maria.hernandez108@mail.com
109;Jose Vargas;52;jose.vargas109@mail.com
110;Carlos Sanchez;82;carlos.sanchez110@mail.com
111;Diana Ortega;59;diana.ortega111@mail.com
112;Jose Perez;37;jose.perez112@mail.com
113;Laura Torres;21;laura.torres113@mail.com
114;Pedro Martinez;66;pedro.martinez114@mail.com
115;Diana Lopez;74;diana.lopez115@mail.com
116;Juan Perez;28;juan.perez116@mail.com
117;Valentina Acosta;42;valentina.acosta117@mail.com
118;Maria Mendoza;48;maria.mendoza118@mail.com
119;Maria Castro;34;maria.castro119@mail.com
120;Andres Ramirez;85;andres.ramirez120@mail.com
121;Maria Martinez;67;maria.martinez121@mail.com
122;Juan Castro;53;juan.castro122@mail.com
123;Felipe Martinez;89;felipe.martinez123@mail.com
124;Daniel Rios;43;daniel.rios124@mail.com
125;Pedro Rios;28;pedro.rios125@mail.com
126;Camila Ramirez;64;camila.ramirez126@mail.com
127;Lorena Perez;73;lorena.perez127@mail.com
128;Sofia Mendoza;59;sofia.mendoza128@mail.com
129;Andrea Hernandez;10;andrea.hernandez129@mail.com
130;Jose Ramirez;42;jose.ramirez130@mail.com
131;Ana Martinez;23;ana.martinez131@mail.com
132;Juan Hernandez;93;juan.hernandez132@mail.com
133;Felipe Perez;95;felipe.perez133@mail.com
134;Daniel Lopez;14;daniel.lopez134@mail.com
135;Jose Acosta;27;jose.acosta135@mail.com
136;Lorena Acosta;48;lorena.acosta136@mail.com
137;Laura Mendoza;14;laura.mendoza137@mail.com
138;Andres Perez;97;andres.perez138@mail.com
139;Andrea Torres;58;andrea.torres139@mail.com
140;Felipe Garcia;61;felipe.garcia140@mail.com
141;Andres Gomez;87;andres.gomez141@mail.com
142;Maria Rios;6;maria.rios142@mail.com
143;Miguel Martinez;88;miguel.martinez143@mail.com
144;Daniel Ortega;12;daniel.ortega144@mail.com
145;Felipe Acosta;44;felipe.acosta145@mail.com
146;Mateo Castro;60;mateo.castro146@mail.com
147;Lorena Ruiz;89;lorena.ruiz147@mail.com
148;Pedro Sanchez;21;pedro.sanchez148@mail.com
149;Sofia Hernandez;33;sofia.hernandez149@mail.com
150;Daniel Vargas;57;daniel.vargas150@mail.com
151;Laura Perez;62;laura.perez151@mail.com
152;Ana Ramirez;9;ana.ramirez152@mail.com
153;Diana Ramirez;37;diana.ramirez153@mail.com
154;Andrea Mendoza;36;andrea.mendoza154@mail.com
155;Andres Hernandez;89;andres.hernandez155@mail.com
156;Valentina Garcia;98;valentina.garcia156@mail.com
157;Laura Castro;100;laura.castro157@mail.com
158;Andrea Ruiz;67;andrea.ruiz158@mail.com
159;Andrea Lopez;69;andrea.lopez159@mail.com
160;Felipe Ruiz;67;felipe.ruiz160@mail.com
161;Pedro Acosta;19;pedro.acosta161@mail.com
162;Jose Hernandez;72;jose.hernandez162@mail.com
163;Laura Hernandez;32;laura.hernandez163@mail.com
164;Luis Ramirez;90;luis.ramirez164@mail.com
165;Ana Torres;24;ana.torres165@mail.com
166;Laura Hernandez;25;laura.hernandez166@mail.com
167;Lorena Acosta;83;lorena.acosta167@mail.com
168;Sofia Torres;9;sofia.torres168@mail.com
169;Camila Ruiz;40;camila.ruiz169@mail.com
170;Mateo Ramirez;26;mateo.ramirez170@mail.com
171;Andres Gomez;65;andres.gomez171@mail.com
172;Jose Cortes;20;jose.cortes172@mail.com
173;Carlos Acosta;51;carlos.acosta173@mail.com
174;Sofia Vargas;79;sofia.vargas174@mail.com
175;Mateo Castro;98;mateo.castro175@mail.com
176;Jose Castro;65;jose.castro176@mail.com
177;Camila Hernandez;21;camila.hernandez177@mail.com
178;Luis Acosta;43;luis.acosta178@mail.com
179;Sofia Castro;71;sofia.castro179@mail.com
180;Daniel Ramirez;68;daniel.ramirez180@mail.com
181;Mateo Cortes;66;mateo.cortes181@mail.com
182;Jose Sanchez;17;jose.sanchez182@mail.com
183;Andrea Ortega;81;andrea.ortega183@mail.com
184;Luis Gomez;47;luis.gomez184@mail.com
185;Miguel Vargas;40;miguel.vargas185@mail.com
186;Andrea Hernandez;50;andrea.hernandez186@mail.com
187;Maria Perez;26;maria.perez187@mail.com
188;Carlos Rios;79;carlos.rios188@mail.com
189;Pedro Rios;19;pedro.rios189@mail.com
190;Lorena Cortes;16;lorena.cortes190@mail.com
191;Mateo Mendoza;47;mateo.mendoza191@mail.com
192;Carlos Perez;97;carlos.perez192@mail.com
193;Andres Martinez;91;andres.martinez193@mail.com
194;Sofia Hernandez;38;sofia.hernandez194@mail.com
195;Camila Garcia;41;camila.garcia195@mail.com
196;Valentina Gomez;23;valentina.gomez196@mail.com
197;Maria Torres;26;maria.torres197@mail.com
198;Daniel Castro;41;daniel.castro198@mail.com
199;Pedro Hernandez;33;pedro.hernandez199@mail.com
200;Samuel Ruiz;14;samuel.ruiz200@mail.com
201;Lorena Vargas;32;lorena.vargas201@mail.com
202;Diana Ortega;87;diana.ortega202@mail.com
203;Andrea Ortega;59;andrea.ortega203@mail.com
204;Camila Ramirez;62;camila.ramirez204@mail.com
205;Sofia Rios;27;sofia.rios205@mail.com
206;Samuel Torres;15;samuel.torres206@mail.com
207;Maria Sanchez;32;maria.sanchez207@mail.com
208;Mateo Gil;86;mateo.gil208@mail.com
209;Mateo Lopez;83;mateo.lopez209@mail.com
210;Carlos Torres;53;carlos.torres210@mail.com
211;Mateo Ramirez;22;mateo.ramirez211@mail.com
212;Felipe Hernandez;55;felipe.hernandez212@mail.com
213;Diana Garcia;92;diana.garcia213@mail.com
214;Camila Gil;92;camila.gil214@mail.com
215;Felipe Acosta;60;felipe.acosta215@mail.com
216;Diana Mendoza;94;diana.mendoza216@mail.com
217;Diana Mendoza;84;diana.mendoza217@mail.com
218;Daniel Torres;74;daniel.torres218@mail.com
219;Ana Lopez;23;ana.lopez219@mail.com
220;Luis Acosta;37;luis.acosta220@mail.com
221;Luis Ruiz;96;luis.ruiz221@mail.com
222;Sofia Sanchez;12;sofia.sanchez222@mail.com
223;Jose Vargas;76;jose.vargas223@mail.com
224;Samuel Vargas;39;samuel.vargas224@mail.com
225;Andres Garcia;31;andres.garcia225@mail.com
226;Juan Castro;7;juan.castro226@mail.com
227;Andrea Garcia;82;andrea.garcia227@mail.com
228;Samuel Cortes;57;samuel.cortes228@mail.com
229;Daniel Garcia;89;daniel.garcia229@mail.com
230;Luis Mendoza;34;luis.mendoza230@mail.com
231;Camila Gil;40;camila.gil231@mail.com
232;Daniel Garcia;55;daniel.garcia232@mail.com
233;Lorena Vargas;67;lorena.vargas233@mail.com
234;Camila Hernandez;50;camila.hernandez234@mail.com
235;Juan Ortega;7;juan.ortega235@mail.com
236;Juan Lopez;91;juan.lopez236@mail.com
237;Miguel Acosta;12;miguel.acosta237@mail.com
238;Jose Ramirez;72;jose.ramirez238@mail.com
239;Luis Lopez;50;luis.lopez239@mail.com
240;Luis Cortes;73;luis.cortes240@mail.com
241;Luis Mendoza;84;luis.mendoza241@mail.com
242;Luis Gomez;23;luis.gomez242@mail.com
243;Diana Gil;91;diana.gil243@mail.com
244;Jose Garcia;91;jose.garcia244@mail.com
245;Laura Ruiz;48;laura.ruiz245@mail.com
246;Andres Hernandez;11;andres.hernandez246@mail.com
247;Maria Vargas;62;maria.vargas247@mail.com
248;Ana Ortega;16;ana.ortega248@mail.com
249;Samuel Garcia;38;samuel.garcia249@mail.com
250;Juan Cortes;45;juan.cortes250@mail.com
251;Luis Martinez;21;luis.martinez251@mail.com
252;Daniel Lopez;32;daniel.lopez252@mail.com
253;Lorena Vargas;67;lorena.vargas253@mail.com
254;Jose Ramirez;1;jose.ramirez254@mail.com
255;Jose Gomez;35;jose.gomez255@mail.com
256;Juan Ramirez;55;juan.ramirez256@mail.com
257;Maria Cortes;60;maria.cortes257@mail.com
258;Felipe Ruiz;29;felipe.ruiz258@mail.com
259;Samuel Ortega;86;samuel.ortega259@mail.com
260;Andres Martinez;11;andres.martinez260@mail.com
261;Mateo Garcia;6;mateo.garcia261@mail.com
262;Daniel Rios;69;daniel.rios262@mail.com
263;Maria Torres;24;maria.torres263@mail.com
264;Andrea Ruiz;52;andrea.ruiz264@mail.com
265;Samuel Rios;70;samuel.rios265@mail.com
266;Juan Ramirez;93;juan.ramirez266@mail.com
267;Diana Gil;2;diana.gil267@mail.com
268;Samuel Castro;80;samuel.castro268@mail.com
269;Luis Gil;57;luis.gil269@mail.com
270;Andrea Martinez;65;andrea.martinez270@mail.com
271;Laura Gil;20;laura.gil271@mail.com
272;Andres Castro;24;andres.castro272@mail.com
273;Andrea Rios;7;andrea.rios273@mail.com
274;Daniel Ruiz;53;daniel.ruiz274@mail.com
275;Mateo Garcia;69;mateo.garcia275@mail.com
276;Maria Lopez;54;maria.lopez276@mail.com
277;Pedro Sanchez;49;pedro.sanchez277@mail.com
278;Daniel Acosta;40;daniel.acosta278@mail.com
279;Lorena Ruiz;63;lorena.ruiz279@mail.com
280;Daniel Acosta;47;daniel.acosta280@mail.com
281;Andrea Ramirez;8;andrea.ramirez281@mail.com
282;Andres Acosta;99;andres.acosta282@mail.com
283;Carlos Vargas;4;carlos.vargas283@mail.com
284;Maria Martinez;57;maria.martinez284@mail.com
285;Luis Ruiz;86;luis.ruiz285@mail.com
286;Andrea Torres;61;andrea.torres286@mail.com
287;Andres Martinez;20;andres.martinez287@mail.com
288;Juan Rios;23;juan.rios288@mail.com
289;Carlos Castro;4;carlos.castro289@mail.com
290;Ana Castro;65;ana.castro290@mail.com
291;Camila Torres;78;camila.torres291@mail.com
292;Daniel Ramirez;66;daniel.ramirez292@mail.com
293;Laura Rios;97;laura.rios293@mail.com
294;Andrea Vargas;76;andrea.vargas294@mail.com
295;Jose Gomez;13;jose.gomez295@mail.com
296;Ana Gomez;49;ana.gomez296@mail.com
297;Felipe Garcia;75;felipe.garcia297@mail.com
298;Samuel Torres;88;samuel.torres298@mail.com
299;Lorena Ramirez;92;lorena.ramirez299@mail.com
300;Daniel Lopez;76;daniel.lopez300@mail.com
301;Andres Rios;51;andres.rios301@mail.com
302;Ana Garcia;55;ana.garcia302@mail.com
303;Carlos Gil;39;carlos.gil303@mail.com
304;Andrea Torres;57;andrea.torres304@mail.com
305;Felipe Martinez;16;felipe.martinez305@mail.com
306;Laura Vargas;86;laura.vargas306@mail.com
307;Sofia Vargas;98;sofia.vargas307@mail.com
308;Jose Martinez;59;jose.martinez308@mail.com
309;Lorena Ortega;77;lorena.ortega309@mail.com
310;Mateo Ortega;85;mateo.ortega310@mail.com
311;Laura Ortega;28;laura.ortega311@mail.com
312;Jose Acosta;96;jose.acosta312@mail.com
313;Camila Mendoza;47;camila.mendoza313@mail.com
314;Andrea Martinez;8;andrea.martinez314@mail.com
315;Camila Ortega;56;camila.ortega315@mail.com
316;Valentina Gomez;43;valentina.gomez316@mail.com
317;Felipe Sanchez;74;felipe.sanchez317@mail.com
318;Carlos Rios;6;carlos.rios318@mail.com
319;Ana Cortes;67;ana.cortes319@mail.com
320;Lorena Martinez;48;lorena.martinez320@mail.com
321;Valentina Ruiz;77;valentina.ruiz321@mail.com
322;Lorena Acosta;26;lorena.acosta322@mail.com
323;Valentina Garcia;62;valentina.garcia323@mail.com
324;Jose Cortes;21;jose.cortes324@mail.com
325;Carlos Acosta;65;carlos.acosta325@mail.com
326;Jose Ruiz;57;jose.ruiz326@mail.com
327;Miguel Torres;12;miguel.torres327@mail.com
328;Carlos Lopez;6;carlos.lopez328@mail.com
329;Laura Rios;71;laura.rios329@mail.com
330;Felipe Ruiz;17;felipe.ruiz330@mail.com
331;Lorena Mendoza;25;lorena.mendoza331@mail.com
332;Andrea Gil;59;andrea.gil332@mail.com
333;Laura Martinez;49;laura.martinez333@mail.com
334;Diana Garcia;80;diana.garcia334@mail.com
335;Pedro Hernandez;74;pedro.hernandez335@mail.com
336;Lorena Hernandez;29;lorena.hernandez336@mail.com
337;Mateo Torres;75;mateo.torres337@mail.com
338;Ana Martinez;55;ana.martinez338@mail.com
339;Daniel Castro;8;daniel.castro339@mail.com
340;Maria Castro;23;maria.castro340@mail.com
341;Juan Mendoza;44;juan.mendoza341@mail.com
342;Valentina Castro;72;valentina.castro342@mail.com
343;Daniel Martinez;24;daniel.martinez343@mail.com
344;Miguel Vargas;56;miguel.vargas344@mail.com
345;Jose Ruiz;32;jose.ruiz345@mail.com
346;Mateo Rios;83;mateo.rios346@mail.com
347;Mateo Mendoza;1;mateo.mendoza347@mail.com
348;Juan Cortes;87;juan.cortes348@mail.com
349;Luis Cortes;49;luis.cortes349@mail.com
350;Lorena Gomez;78;lorena.gomez350@mail.com
351;Laura Torres;77;laura.torres351@mail.com
352;Camila Castro;22;camila.castro352@mail.com
353;Lorena Castro;93;lorena.castro353@mail.com
354;Camila Gil;90;camila.gil354@mail.com
355;Diana Gil;66;diana.gil355@mail.com
356;Andres Gomez;100;andres.gomez356@mail.com
357;Jose Mendoza;27;jose.mendoza357@mail.com
358;Valentina Perez;15;valentina.perez358@mail.com
359;Valentina Hernandez;92;valentina.hernandez359@mail.com
360;Jose Torres;98;jose.torres360@mail.com
361;Valentina Ortega;39;valentina.ortega361@mail.com
362;Mateo Ramirez;66;mateo.ramirez362@mail.com
363;Carlos Gomez;65;carlos.gomez363@mail.com
364;Samuel Hernandez;90;samuel.hernandez364@mail.com
365;Jose Ortega;60;jose.ortega365@mail.com
366;Daniel Torres;73;daniel.torres366@mail.com
367;Laura Mendoza;53;laura.mendoza367@mail.com
368;Valentina Hernandez;48;valentina.hernandez368@mail.com
369;Mateo Lopez;44;mateo.lopez369@mail.com
370;Valentina Rios;19;valentina.rios370@mail.com
371;Lorena Mendoza;44;lorena.mendoza371@mail.com
372;Andrea Gil;73;andrea.gil372@mail.com
373;Samuel Martinez;87;samuel.martinez373@mail.com
374;Laura Gil;23;laura.gil374@mail.com
375;Samuel Perez;11;samuel.perez375@mail.com
376;Ana Lopez;77;ana.lopez376@mail.com
377;Andrea Perez;53;andrea.perez377@mail.com
378;Pedro Hernandez;21;pedro.hernandez378@mail.com
379;Miguel Mendoza;70;miguel.mendoza379@mail.com
380;Maria Ramirez;28;maria.ramirez380@mail.com
381;Mateo Sanchez;31;mateo.sanchez381@mail.com
382;Andres Sanchez;48;andres.sanchez382@mail.com
383;Valentina Lopez;80;valentina.lopez383@mail.com
384;Felipe Lopez;33;felipe.lopez384@mail.com
385;Daniel Acosta;42;daniel.acosta385@mail.com
386;Sofia Perez;38;sofia.perez386@mail.com
387;Sofia Sanchez;97;sofia.sanchez387@mail.com
388;Lorena Ruiz;4;lorena.ruiz388@mail.com
389;Sofia Acosta;74;sofia.acosta389@mail.com
390;Sofia Ortega;6;sofia.ortega390@mail.com
391;Andrea Torres;25;andrea.torres391@mail.com
392;Maria Torres;43;maria.torres392@mail.com
393;Andres Ramirez;73;andres.ramirez393@mail.com
394;Samuel Ramirez;91;samuel.ramirez394@mail.com
395;Maria Lopez;27;maria.lopez395@mail.com
396;Lorena Torres;44;lorena.torres396@mail.com
397;Andrea Gil;55;andrea.gil397@mail.com
398;Laura Castro;23;laura.castro398@mail.com
399;Luis Ortega;68;luis.ortega399@mail.com
400;Samuel Cortes;18;samuel.cortes400@mail.com
401;Maria Rios;28;maria.rios401@mail.com
402;Miguel Acosta;83;miguel.acosta402@mail.com
403;Andrea Hernandez;42;andrea.hernandez403@mail.com
404;Felipe Ruiz;81;felipe.ruiz404@mail.com
405;Felipe Hernandez;41;felipe.hernandez405@mail.com
406;Maria Perez;29;maria.perez406@mail.com
407;Mateo Gomez;41;mateo.gomez407@mail.com
408;Samuel Castro;64;samuel.castro408@mail.com
409;Carlos Cortes;44;carlos.cortes409@mail.com
410;Jose Gil;1;jose.gil410@mail.com
411;Mateo Vargas;76;mateo.vargas411@mail.com
412;Andrea Ruiz;46;andrea.ruiz412@mail.com
413;Valentina Castro;31;valentina.castro413@mail.com
414;Camila Acosta;49;camila.acosta414@mail.com
415;Pedro Torres;62;pedro.torres415@mail.com
416;Diana Sanchez;41;diana.sanchez416@mail.com
417;Laura Acosta;91;laura.acosta417@mail.com
418;Lorena Castro;13;lorena.castro418@mail.com
419;Luis Vargas;33;luis.vargas419@mail.com
420;Ana Lopez;68;ana.lopez420@mail.com
421;Sofia Sanchez;95;sofia.sanchez421@mail.com
422;Maria Martinez;18;maria.martinez422@mail.com
423;Mateo Garcia;48;mateo.garcia423@mail.com
424;Andrea Ramirez;51;andrea.ramirez424@mail.com
425;Valentina Vargas;87;valentina.vargas425@mail.com
426;Maria Sanchez;37;maria.sanchez426@mail.com
427;Ana Sanchez;48;ana.sanchez427@mail.com
428;Samuel Castro;66;samuel.castro428@mail.com
429;Lorena Martinez;51;lorena.martinez429@mail.com
430;Daniel Sanchez;57;daniel.sanchez430@mail.com
431;Maria Torres;84;maria.torres431@mail.com
432;Daniel Sanchez;87;daniel.sanchez432@mail.com
433;Pedro Ortega;13;pedro.ortega433@mail.com
434;Camila Garcia;47;camila.garcia434@mail.com
435;Maria Hernandez;98;maria.hernandez435@mail.com
436;Diana Ruiz;48;diana.ruiz436@mail.com
437;Diana Gil;11;diana.gil437@mail.com
438;Ana Hernandez;47;ana.hernandez438@mail.com
439;Sofia Hernandez;55;sofia.hernandez439@mail.com
440;Andrea Mendoza;1;andrea.mendoza440@mail.com
441;Lorena Hernandez;79;lorena.hernandez441@mail.com
442;Mateo Rios;48;mateo.rios442@mail.com
443;Sofia Mendoza;95;sofia.mendoza443@mail.com
444;Ana Gomez;90;ana.gomez444@mail.com
445;Camila Sanchez;38;camila.sanchez445@mail.com
446;Jose Gil;91;jose.gil446@mail.com
447;Miguel Vargas;7;miguel.vargas447@mail.com
448;Andrea Ortega;42;andrea.ortega448@mail.com
449;Camila Hernandez;75;camila.hernandez449@mail.com
450;Felipe Acosta;45;felipe.acosta450@mail.com
451;Andrea Acosta;40;andrea.acosta451@mail.com
452;Samuel Ortega;25;samuel.ortega452@mail.com
453;Camila Mendoza;57;camila.mendoza453@mail.com
454;Laura Acosta;43;laura.acosta454@mail.com
455;Sofia Ruiz;80;sofia.ruiz455@mail.com
456;Luis Perez;48;luis.perez456@mail.com
457;Mateo Garcia;55;mateo.garcia457@mail.com
458;Pedro Ortega;84;pedro.ortega458@mail.com
459;Camila Acosta;60;camila.acosta459@mail.com
460;Luis Hernandez;91;luis.hernandez460@mail.com
461;Laura Cortes;60;laura.cortes461@mail.com
462;Juan Rios;27;juan.rios462@mail.com
463;Samuel Lopez;96;samuel.lopez463@mail.com
464;Ana Garcia;74;ana.garcia464@mail.com
465;Mateo Sanchez;88;mateo.sanchez465@mail.com
466;Luis Torres;98;luis.torres466@mail.com
467;Samuel Vargas;7;samuel.vargas467@mail.com
468;Valentina Ortega;26;valentina.ortega468@mail.com
469;Andres Ruiz;81;andres.ruiz469@mail.com
470;Andres Castro;39;andres.castro470@mail.com
471;Juan Torres;40;juan.torres471@mail.com
472;Miguel Acosta;32;miguel.acosta472@mail.com
473;Lorena Acosta;44;lorena.acosta473@mail.com
474;Juan Vargas;30;juan.vargas474@mail.com
475;Ana Martinez;55;ana.martinez475@mail.com
476;Juan Ortega;44;juan.ortega476@mail.com
477;Carlos Martinez;11;carlos.martinez477@mail.com
478;Luis Ortega;28;luis.ortega478@mail.com
479;Ana Sanchez;6;ana.sanchez479@mail.com
480;Jose Lopez;99;jose.lopez480@mail.com
481;Juan Lopez;8;juan.lopez481@mail.com
482;Laura Cortes;7;laura.cortes482@mail.com
483;Miguel Hernandez;14;miguel.hernandez483@mail.com
484;Andres Garcia;62;andres.garcia484@mail.com
485;Andres Garcia;65;andres.garcia485@mail.com
486;Felipe Gomez;98;felipe.gomez486@mail.com
487;Carlos Sanchez;61;carlos.sanchez487@mail.com
488;Carlos Acosta;64;carlos.acosta488@mail.com
489;Daniel Gomez;43;daniel.gomez489@mail.com
490;Juan Mendoza;92;juan.mendoza490@mail.com
491;Luis Rios;55;luis.rios491@mail.com
492;Luis Hernandez;75;luis.hernandez492@mail.com
493;Ana Hernandez;61;ana.hernandez493@mail.com
494;Andrea Hernandez;17;andrea.hernandez494@mail.com
495;Ana Ortega;5;ana.ortega495@mail.com
496;Mateo Garcia;1;mateo.garcia496@mail.com
497;Diana Ortega;37;diana.ortega497@mail.com
498;Juan Ortega;74;juan.ortega498@mail.com
499;Maria Sanchez;23;maria.sanchez499@mail.com
500;Jose Perez;61;jose.perez500@mail.com
501;Juan Ruiz;14;juan.ruiz501@mail.com
502;Mateo Torres;75;mateo.torres502@mail.com
503;Carlos Rios;8;carlos.rios503@mail.com
504;Luis Sanchez;100;luis.sanchez504@mail.com
505;Diana Rios;73;diana.rios505@mail.com
506;Juan Gil;22;juan.gil506@mail.com
507;Pedro Ortega;84;pedro.ortega507@mail.com
508;Jose Acosta;30;jose.acosta508@mail.com
509;Luis Gil;91;luis.gil509@mail.com
510;Samuel Perez;34;samuel.perez510@mail.com
511;Carlos Gomez;95;carlos.gomez511@mail.com
512;Miguel Perez;26;miguel.perez512@mail.com
513;Felipe Garcia;41;felipe.garcia513@mail.com
514;Felipe Vargas;74;felipe.vargas514@mail.com
515;Valentina Vargas;69;valentina.vargas515@mail.com
516;Camila Ruiz;27;camila.ruiz516@mail.com
517;Luis Garcia;10;luis.garcia517@mail.com
518;Jose Gil;33;jose.gil518@mail.com
519;Ana Martinez;87;ana.martinez519@mail.com
520;Sofia Acosta;16;sofia.acosta520@mail.com
521;Valentina Hernandez;73;valentina.hernandez521@mail.com
522;Jose Gil;76;jose.gil522@mail.com
523;Andrea Perez;4;andrea.perez523@mail.com
524;Camila Vargas;71;camila.vargas524@mail.com
525;Jose Sanchez;94;jose.sanchez525@mail.com
526;Ana Torres;59;ana.torres526@mail.com
527;Mateo Rios;85;mateo.rios527@mail.com
528;Samuel Lopez;50;samuel.lopez528@mail.com
529;Pedro Ruiz;20;pedro.ruiz529@mail.com
530;Diana Martinez;16;diana.martinez530@mail.com
531;Jose Sanchez;80;jose.sanchez531@mail.com
532;Jose Gomez;55;jose.gomez532@mail.com
533;Mateo Ortega;30;mateo.ortega533@mail.com
534;Maria Garcia;81;maria.garcia534@mail.com
535;Pedro Acosta;72;pedro.acosta535@mail.com
536;Laura Sanchez;3;laura.sanchez536@mail.com
537;Valentina Gil;80;valentina.gil537@mail.com
538;Andres Cortes;65;andres.cortes538@mail.com
539;Laura Castro;77;laura.castro539@mail.com
540;Maria Lopez;78;maria.lopez540@mail.com
541;Daniel Vargas;49;daniel.vargas541@mail.com
542;Samuel Sanchez;63;samuel.sanchez542@mail.com
543;Samuel Gomez;6;samuel.gomez543@mail.com
544;Pedro Mendoza;14;pedro.mendoza544@mail.com
545;Jose Rios;61;jose.rios545@mail.com
546;Pedro Perez;35;pedro.perez546@mail.com
547;Diana Cortes;19;diana.cortes547@mail.com
548;Camila Martinez;53;camila.martinez548@mail.com
549;Felipe Torres;29;felipe.torres549@mail.com
550;Jose Sanchez;38;jose.sanchez550@mail.com
551;Maria Acosta;31;maria.acosta551@mail.com
552;Felipe Ramirez;36;felipe.ramirez552@mail.com
553;Luis Cortes;79;luis.cortes553@mail.com
554;Carlos Ruiz;45;carlos.ruiz554@mail.com
555;Andrea Ruiz;60;andrea.ruiz555@mail.com
556;Ana Torres;39;ana.torres556@mail.com
557;Carlos Sanchez;73;carlos.sanchez557@mail.com
558;Luis Ramirez;54;luis.ramirez558@mail.com
559;Laura Ruiz;78;laura.ruiz559@mail.com
560;Andres Perez;39;andres.perez560@mail.com
561;Lorena Gomez;77;lorena.gomez561@mail.com
562;Andres Gomez;67;andres.gomez562@mail.com
563;Samuel Mendoza;82;samuel.mendoza563@mail.com
564;Lorena Martinez;40;lorena.martinez564@mail.com
565;Lorena Ruiz;98;lorena.ruiz565@mail.com
566;Andrea Mendoza;55;andrea.mendoza566@mail.com
567;Luis Rios;67;luis.rios567@mail.com
568;Carlos Vargas;3;carlos.vargas568@mail.com
569;Daniel Vargas;32;daniel.vargas569@mail.com
570;Sofia Gomez;83;sofia.gomez570@mail.com
571;Jose Castro;63;jose.castro571@mail.com
572;Mateo Hernandez;48;mateo.hernandez572@mail.com
573;Mateo Ortega;74;mateo.ortega573@mail.com
574;Felipe Ortega;18;felipe.ortega574@mail.com
575;Sofia Ortega;87;sofia.ortega575@mail.com
576;Diana Acosta;22;diana.acosta576@mail.com
577;Samuel Garcia;98;samuel.garcia577@mail.com
578;Carlos Ruiz;38;carlos.ruiz578@mail.com
579;Ana Lopez;78;ana.lopez579@mail.com
580;Juan Vargas;51;juan.vargas580@mail.com
581;Pedro Vargas;97;pedro.vargas581@mail.com
582;Lorena Acosta;92;lorena.acosta582@mail.com
583;Maria Cortes;48;maria.cortes583@mail.com
584;Carlos Lopez;88;carlos.lopez584@mail.com
585;Samuel Ramirez;36;samuel.ramirez585@mail.com
586;Carlos Ruiz;95;carlos.ruiz586@mail.com
587;Ana Ruiz;79;ana.ruiz587@mail.com
588;Maria Gomez;13;maria.gomez588@mail.com
589;Juan Perez;11;juan.perez589@mail.com
590;Jose Acosta;20;jose.acosta590@mail.com
591;Maria Martinez;27;maria.martinez591@mail.com
592;Andrea Mendoza;2;andrea.mendoza592@mail.com
593;Andres Cortes;13;andres.cortes593@mail.com
594;Juan Martinez;81;juan.martinez594@mail.com
595;Camila Mendoza;59;camila.mendoza595@mail.com
596;Maria Acosta;3;maria.acosta596@mail.com
597;Miguel Rios;90;miguel.rios597@mail.com
598;Andres Garcia;84;andres.garcia598@mail.com
599;Felipe Lopez;25;felipe.lopez599@mail.com
600;Maria Ramirez;94;maria.ramirez600@mail.com
601;Ana Rios;32;ana.rios601@mail.com
602;Andrea Sanchez;95;andrea.sanchez602@mail.com
603;Miguel Torres;82;miguel.torres603@mail.com
604;Luis Perez;59;luis.perez604@mail.com
605;Laura Mendoza;85;laura.mendoza605@mail.com
606;Miguel Rios;23;miguel.rios606@mail.com
607;Samuel Lopez;35;samuel.lopez607@mail.com
608;Jose Perez;79;jose.perez608@mail.com
609;Diana Castro;83;diana.castro609@mail.com
610;Ana Hernandez;83;ana.hernandez610@mail.com
611;Lorena Martinez;4;lorena.martinez611@mail.com
612;Lorena Cortes;42;lorena.cortes612@mail.com
613;Andres Ramirez;51;andres.ramirez613@mail.com
614;Sofia Sanchez;99;sofia.sanchez614@mail.com
615;Luis Torres;78;luis.torres615@mail.com
616;Laura Gil;56;laura.gil616@mail.com
617;Lorena Mendoza;87;lorena.mendoza617@mail.com
618;Maria Hernandez;73;maria.hernandez618@mail.com
619;Miguel Ruiz;69;miguel.ruiz619@mail.com
620;Camila Lopez;11;camila.lopez620@mail.com
621;Camila Acosta;38;camila.acosta621@mail.com
622;Sofia Gomez;31;sofia.gomez622@mail.com
623;Felipe Hernandez;65;felipe.hernandez623@mail.com
624;Laura Sanchez;44;laura.sanchez624@mail.com
625;Andrea Hernandez;66;andrea.hernandez625@mail.com
626;Daniel Martinez;87;daniel.martinez626@mail.com
627;Luis Rios;29;luis.rios627@mail.com
628;Ana Ruiz;96;ana.ruiz628@mail.com
629;Luis Ruiz;85;luis.ruiz629@mail.com
630;Laura Rios;8;laura.rios630@mail.com
631;Maria Vargas;50;maria.vargas631@mail.com
632;Juan Garcia;42;juan.garcia632@mail.com
633;Miguel Ortega;94;miguel.ortega633@mail.com
634;Lorena Cortes;38;lorena.cortes634@mail.com
635;Diana Acosta;78;diana.acosta635@mail.com
636;Maria Acosta;31;maria.acosta636@mail.com
637;Juan Gil;75;juan.gil637@mail.com
638;Miguel Gil;27;miguel.gil638@mail.com
639;Felipe Perez;13;felipe.perez639@mail.com
640;Andres Ortega;65;andres.ortega640@mail.com
641;Camila Gil;12;camila.gil641@mail.com
642;Felipe Rios;33;felipe.rios642@mail.com
643;Camila Vargas;45;camila.vargas643@mail.com
644;Maria Acosta;57;maria.acosta644@mail.com
645;Samuel Martinez;82;samuel.martinez645@mail.com
646;Miguel Sanchez;23;miguel.sanchez646@mail.com
647;Luis Acosta;74;luis.acosta647@mail.com
648;Diana Cortes;56;diana.cortes648@mail.com
649;Andrea Ramirez;62;andrea.ramirez649@mail.com
650;Sofia Cortes;60;sofia.cortes650@mail.com
651;Andres Martinez;93;andres.martinez651@mail.com
652;Andres Torres;77;andres.torres652@mail.com
653;Laura Martinez;66;laura.martinez653@mail.com
654;Andres Gomez;42;andres.gomez654@mail.com
655;Diana Rios;78;diana.rios655@mail.com
656;Ana Gomez;70;ana.gomez656@mail.com
657;Samuel Castro;1;samuel.castro657@mail.com
658;Camila Martinez;72;camila.martinez658@mail.com
659;Mateo Hernandez;1;mateo.hernandez659@mail.com
660;Valentina Hernandez;84;valentina.hernandez660@mail.com
661;Lorena Ortega;72;lorena.ortega661@mail.com
662;Juan Sanchez;4;juan.sanchez662@mail.com
663;Camila Martinez;91;camila.martinez663@mail.com
664;Juan Ortega;25;juan.ortega664@mail.com
665;Maria Hernandez;65;maria.hernandez665@mail.com
666;Miguel Gil;88;miguel.gil666@mail.com
667;Andrea Sanchez;98;andrea.sanchez667@mail.com
668;Laura Torres;81;laura.torres668@mail.com
669;Jose Ruiz;4;jose.ruiz669@mail.com
670;Samuel Garcia;36;samuel.garcia670@mail.com
671;Miguel Gil;70;miguel.gil671@mail.com
672;Valentina Gomez;29;valentina.gomez672@mail.com
673;Lorena Rios;77;lorena.rios673@mail.com
674;Juan Cortes;84;juan.cortes674@mail.com
675;Luis Perez;7;luis.perez675@mail.com
676;Camila Ortega;16;camila.ortega676@mail.com
677;Laura Castro;15;laura.castro677@mail.com
678;Camila Perez;25;camila.perez678@mail.com
679;Camila Cortes;27;camila.cortes679@mail.com
680;Lorena Sanchez;16;lorena.sanchez680@mail.com
681;Lorena Ruiz;56;lorena.ruiz681@mail.com
682;Carlos Mendoza;19;carlos.mendoza682@mail.com
683;Andrea Castro;73;andrea.castro683@mail.com
684;Andrea Castro;82;andrea.castro684@mail.com
685;Daniel Sanchez;82;daniel.sanchez685@mail.com
686;Carlos Martinez;1;carlos.martinez686@mail.com
687;Juan Hernandez;56;juan.hernandez687@mail.com
688;Luis Acosta;6;luis.acosta688@mail.com
689;Felipe Sanchez;95;felipe.sanchez689@mail.com
690;Daniel Vargas;53;daniel.vargas690@mail.com
691;Lorena Vargas;3;lorena.vargas691@mail.com
692;Daniel Sanchez;38;daniel.sanchez692@mail.com
693;Maria Gomez;26;maria.gomez693@mail.com
694;Miguel Martinez;70;miguel.martinez694@mail.com
695;Laura Castro;71;laura.castro695@mail.com
696;Samuel Perez;85;samuel.perez696@mail.com
697;Andrea Gomez;52;andrea.gomez697@mail.com
698;Lorena Hernandez;80;lorena.hernandez698@mail.com
699;Diana Gil;43;diana.gil699@mail.com
700;Sofia Garcia;20;sofia.garcia700@mail.com
701;Mateo Garcia;47;mateo.garcia701@mail.com
702;Sofia Gil;64;sofia.gil702@mail.com
703;Diana Lopez;44;diana.lopez703@mail.com
704;Laura Castro;29;laura.castro704@mail.com
705;Ana Sanchez;69;ana.sanchez705@mail.com
706;Jose Gomez;18;jose.gomez706@mail.com
707;Valentina Mendoza;92;valentina.mendoza707@mail.com
708;Felipe Castro;32;felipe.castro708@mail.com
709;Pedro Cortes;2;pedro.cortes709@mail.com
710;Daniel Ramirez;11;daniel.ramirez710@mail.com
711;Maria Ramirez;73;maria.ramirez711@mail.com
712;Ana Lopez;27;ana.lopez712@mail.com
713;Daniel Rios;28;daniel.rios713@mail.com
714;Camila Torres;95;camila.torres714@mail.com
715;Sofia Ramirez;35;sofia.ramirez715@mail.com
716;Sofia Ramirez;14;sofia.ramirez716@mail.com
717;Camila Vargas;71;camila.vargas717@mail.com
718;Andrea Martinez;48;andrea.martinez718@mail.com
719;Diana Mendoza;11;diana.mendoza719@mail.com
720;Jose Ruiz;25;jose.ruiz720@mail.com
721;Luis Acosta;30;luis.acosta721@mail.com
722;Pedro Martinez;42;pedro.martinez722@mail.com
723;Laura Ortega;75;laura.ortega723@mail.com
724;Laura Ortega;55;laura.ortega724@mail.com
725;Diana Vargas;88;diana.vargas725@mail.com
726;Daniel Ramirez;56;daniel.ramirez726@mail.com
727;Lorena Garcia;2;lorena.garcia727@mail.com
728;Samuel Vargas;91;samuel.vargas728@mail.com
729;Felipe Castro;41;felipe.castro729@mail.com
730;Pedro Mendoza;95;pedro.mendoza730@mail.com
731;Luis Hernandez;45;luis.hernandez731@mail.com
732;Pedro Castro;20;pedro.castro732@mail.com
733;Camila Rios;12;camila.rios733@mail.com
734;Andres Gil;54;andres.gil734@mail.com
735;Samuel Hernandez;17;samuel.hernandez735@mail.com
736;Laura Vargas;49;laura.vargas736@mail.com
737;Juan Vargas;50;juan.vargas737@mail.com
738;Ana Lopez;69;ana.lopez738@mail.com
739;Miguel Ramirez;73;miguel.ramirez739@mail.com
740;Miguel Cortes;85;miguel.cortes740@mail.com
741;Mateo Torres;50;mateo.torres741@mail.com
742;Laura Rios;75;laura.rios742@mail.com
743;Carlos Gomez;88;carlos.gomez743@mail.com
744;Jose Ruiz;79;jose.ruiz744@mail.com
745;Lorena Vargas;60;lorena.vargas745@mail.com
746;Laura Ruiz;56;laura.ruiz746@mail.com
747;Andrea Sanchez;52;andrea.sanchez747@mail.com
748;Miguel Perez;22;miguel.perez748@mail.com
749;Ana Lopez;44;ana.lopez749@mail.com
750;Andres Lopez;56;andres.lopez750@mail.com
751;Jose Cortes;97;jose.cortes751@mail.com
752;Miguel Garcia;47;miguel.garcia752@mail.com
753;Pedro Cortes;88;pedro.cortes753@mail.com
754;Camila Castro;78;camila.castro754@mail.com
755;Pedro Ruiz;32;pedro.ruiz755@mail.com
756;Carlos Ortega;22;carlos.ortega756@mail.com
757;Andres Ramirez;17;andres.ramirez757@mail.com
758;Samuel Castro;69;samuel.castro758@mail.com
759;Daniel Perez;25;daniel.perez759@mail.com
760;Daniel Sanchez;19;daniel.sanchez760@mail.com
761;Valentina Vargas;23;valentina.vargas761@mail.com
762;Felipe Vargas;25;felipe.vargas762@mail.com
763;Miguel Perez;92;miguel.perez763@mail.com
764;Luis Gomez;30;luis.gomez764@mail.com
765;Pedro Castro;96;pedro.castro765@mail.com
766;Lorena Lopez;90;lorena.lopez766@mail.com
767;Samuel Hernandez;60;samuel.hernandez767@mail.com
768;Samuel Perez;63;samuel.perez768@mail.com
769;Lorena Sanchez;23;lorena.sanchez769@mail.com
770;Juan Gil;73;juan.gil770@mail.com
771;Camila Cortes;94;camila.cortes771@mail.com
772;Pedro Ramirez;85;pedro.ramirez772@mail.com
773;Lorena Ortega;79;lorena.ortega773@mail.com
774;Ana Ruiz;28;ana.ruiz774@mail.com
775;Ana Gil;33;ana.gil775@mail.com
776;Camila Ortega;10;camila.ortega776@mail.com
777;Daniel Cortes;63;daniel.cortes777@mail.com
778;Jose Ortega;58;jose.ortega778@mail.com
779;Diana Martinez;43;diana.martinez779@mail.com
780;Pedro Mendoza;77;pedro.mendoza780@mail.com
781;Pedro Ortega;2;pedro.ortega781@mail.com
782;Sofia Garcia;91;sofia.garcia782@mail.com
783;Lorena Ruiz;40;lorena.ruiz783@mail.com
784;Laura Lopez;39;laura.lopez784@mail.com
785;Camila Ruiz;11;camila.ruiz785@mail.com
786;Valentina Vargas;54;valentina.vargas786@mail.com
787;Andres Mendoza;28;andres.mendoza787@mail.com
788;Sofia Cortes;79;sofia.cortes788@mail.com
789;Juan Mendoza;2;juan.mendoza789@mail.com
790;Miguel Acosta;65;miguel.acosta790@mail.com
791;Daniel Gomez;74;daniel.gomez791@mail.com
792;Pedro Acosta;73;pedro.acosta792@mail.com
793;Luis Torres;54;luis.torres793@mail.com
794;Luis Rios;65;luis.rios794@mail.com
795;Pedro Perez;56;pedro.perez795@mail.com
796;Ana Acosta;94;ana.acosta796@mail.com
797;Samuel Castro;27;samuel.castro797@mail.com
798;Lorena Lopez;60;lorena.lopez798@mail.com
799;Jose Acosta;26;jose.acosta799@mail.com
800;Juan Gomez;50;juan.gomez800@mail.com
801;Carlos Martinez;56;carlos.martinez801@mail.com
802;Juan Gomez;76;juan.gomez802@mail.com
803;Maria Ramirez;51;maria.ramirez803@mail.com
804;Juan Torres;2;juan.torres804@mail.com
805;Carlos Lopez;46;carlos.lopez805@mail.com
806;Luis Sanchez;14;luis.sanchez806@mail.com
807;Camila Gomez;59;camila.gomez807@mail.com
808;Diana Mendoza;74;diana.mendoza808@mail.com
809;Andrea Mendoza;69;andrea.mendoza809@mail.com
810;Felipe Hernandez;28;felipe.hernandez810@mail.com
811;Laura Gil;46;laura.gil811@mail.com
812;Luis Gomez;68;luis.gomez812@mail.com
813;Andrea Garcia;4;andrea.garcia813@mail.com
814;Carlos Ruiz;35;carlos.ruiz814@mail.com
815;Valentina Lopez;15;valentina.lopez815@mail.com
816;Andres Sanchez;63;andres.sanchez816@mail.com
817;Juan Sanchez;53;juan.sanchez817@mail.com
818;Juan Ramirez;74;juan.ramirez818@mail.com
819;Camila Hernandez;9;camila.hernandez819@mail.com
820;Laura Rios;47;laura.rios820@mail.com
821;Luis Cortes;94;luis.cortes821@mail.com
822;Andrea Cortes;4;andrea.cortes822@mail.com
823;Daniel Ruiz;4;daniel.ruiz823@mail.com
824;Andrea Hernandez;48;andrea.hernandez824@mail.com
825;Valentina Hernandez;82;valentina.hernandez825@mail.com
826;Luis Hernandez;96;luis.hernandez826@mail.com
827;Luis Torres;52;luis.torres827@mail.com
828;Diana Martinez;86;diana.martinez828@mail.com
829;Miguel Perez;28;miguel.perez829@mail.com
830;Daniel Sanchez;72;daniel.sanchez830@mail.com
831;Laura Vargas;26;laura.vargas831@mail.com
832;Samuel Gomez;62;samuel.gomez832@mail.com
833;Camila Mendoza;77;camila.mendoza833@mail.com
834;Carlos Ramirez;64;carlos.ramirez834@mail.com
835;Mateo Gomez;99;mateo.gomez835@mail.com
836;Maria Rios;72;maria.rios836@mail.com
837;Samuel Rios;11;samuel.rios837@mail.com
838;Lorena Torres;49;lorena.torres838@mail.com
839;Maria Ramirez;86;maria.ramirez839@mail.com
840;Felipe Acosta;93;felipe.acosta840@mail.com
841;Jose Hernandez;6;jose.hernandez841@mail.com
842;Sofia Torres;11;sofia.torres842@mail.com
843;Lorena Lopez;75;lorena.lopez843@mail.com
844;Sofia Martinez;54;sofia.martinez844@mail.com
845;Daniel Acosta;27;daniel.acosta845@mail.com
846;Ana Gomez;27;ana.gomez846@mail.com
847;Diana Rios;99;diana.rios847@mail.com
848;Juan Ortega;54;juan.ortega848@mail.com
849;Daniel Vargas;96;daniel.vargas849@mail.com
850;Felipe Cortes;49;felipe.cortes850@mail.com
851;Juan Perez;55;juan.perez851@mail.com
852;Felipe Ortega;21;felipe.ortega852@mail.com
853;Luis Castro;42;luis.castro853@mail.com
854;Diana Vargas;18;diana.vargas854@mail.com
855;Samuel Castro;68;samuel.castro855@mail.com
856;Miguel Martinez;18;miguel.martinez856@mail.com
857;Miguel Acosta;55;miguel.acosta857@mail.com
858;Luis Garcia;70;luis.garcia858@mail.com
859;Samuel Ruiz;89;samuel.ruiz859@mail.com
860;Pedro Mendoza;61;pedro.mendoza860@mail.com
861;Daniel Mendoza;32;daniel.mendoza861@mail.com
862;Luis Garcia;58;luis.garcia862@mail.com
863;Samuel Lopez;72;samuel.lopez863@mail.com
864;Andres Ramirez;10;andres.ramirez864@mail.com
865;Mateo Sanchez;42;mateo.sanchez865@mail.com
866;Luis Lopez;21;luis.lopez866@mail.com
867;Maria Ortega;87;maria.ortega867@mail.com
868;Felipe Gil;30;felipe.gil868@mail.com
869;Felipe Sanchez;61;felipe.sanchez869@mail.com
870;Lorena Ramirez;53;lorena.ramirez870@mail.com
871;Ana Gomez;87;ana.gomez871@mail.com
872;Andrea Garcia;76;andrea.garcia872@mail.com
873;Miguel Ortega;10;miguel.ortega873@mail.com
874;Samuel Castro;22;samuel.castro874@mail.com
875;Juan Vargas;31;juan.vargas875@mail.com
876;Samuel Vargas;43;samuel.vargas876@mail.com
877;Camila Sanchez;67;camila.sanchez877@mail.com
878;Sofia Ortega;95;sofia.ortega878@mail.com
879;Luis Castro;50;luis.castro879@mail.com
880;Miguel Gomez;39;miguel.gomez880@mail.com
881;Juan Hernandez;70;juan.hernandez881@mail.com
882;Sofia Ruiz;12;sofia.ruiz882@mail.com
883;Sofia Martinez;20;sofia.martinez883@mail.com
884;Jose Cortes;77;jose.cortes884@mail.com
885;Valentina Gil;58;valentina.gil885@mail.com
886;Andrea Torres;75;andrea.torres886@mail.com
887;Luis Gil;96;luis.gil887@mail.com
888;Samuel Vargas;18;samuel.vargas888@mail.com
889;Daniel Hernandez;45;daniel.hernandez889@mail.com
890;Daniel Perez;46;daniel.perez890@mail.com
891;Diana Torres;35;diana.torres891@mail.com
892;Andrea Lopez;76;andrea.lopez892@mail.com
893;Luis Cortes;6;luis.cortes893@mail.com
894;Mateo Lopez;43;mateo.lopez894@mail.com
895;Jose Gomez;32;jose.gomez895@mail.com
896;Mateo Perez;80;mateo.perez896@mail.com
897;Diana Ortega;55;diana.ortega897@mail.com
898;Mateo Ramirez;65;mateo.ramirez898@mail.com
899;Luis Martinez;71;luis.martinez899@mail.com
900;Laura Castro;72;laura.castro900@mail.com
901;Samuel Hernandez;73;samuel.hernandez901@mail.com
902;Laura Rios;87;laura.rios902@mail.com
903;Juan Vargas;24;juan.vargas903@mail.com
904;Camila Gomez;63;camila.gomez904@mail.com
905;Carlos Rios;81;carlos.rios905@mail.com
906;Samuel Castro;34;samuel.castro906@mail.com
907;Ana Hernandez;50;ana.hernandez907@mail.com
908;Daniel Perez;92;daniel.perez908@mail.com
909;Andrea Hernandez;43;andrea.hernandez909@mail.com
910;Diana Ruiz;31;diana.ruiz910@mail.com
911;Maria Torres;82;maria.torres911@mail.com
912;Carlos Sanchez;15;carlos.sanchez912@mail.com
913;Andres Perez;69;andres.perez913@mail.com
914;Mateo Lopez;43;mateo.lopez914@mail.com
915;Andres Mendoza;98;andres.mendoza915@mail.com
916;Lorena Torres;40;lorena.torres916@mail.com
917;Sofia Gil;25;sofia.gil917@mail.com
918;Luis Castro;100;luis.castro918@mail.com
919;Luis Sanchez;62;luis.sanchez919@mail.com
920;Diana Sanchez;47;diana.sanchez920@mail.com
921;Valentina Mendoza;60;valentina.mendoza921@mail.com
922;Camila Acosta;89;camila.acosta922@mail.com
923;Pedro Acosta;42;pedro.acosta923@mail.com
924;Carlos Acosta;69;carlos.acosta924@mail.com
925;Luis Garcia;87;luis.garcia925@mail.com
926;Juan Ruiz;54;juan.ruiz926@mail.com
927;Luis Ortega;63;luis.ortega927@mail.com
928;Jose Rios;78;jose.rios928@mail.com
929;Felipe Sanchez;73;felipe.sanchez929@mail.com
930;Samuel Mendoza;82;samuel.mendoza930@mail.com
931;Laura Mendoza;59;laura.mendoza931@mail.com
932;Andres Cortes;43;andres.cortes932@mail.com
933;Miguel Ramirez;58;miguel.ramirez933@mail.com
934;Jose Perez;18;jose.perez934@mail.com
935;Felipe Cortes;35;felipe.cortes935@mail.com
936;Miguel Hernandez;86;miguel.hernandez936@mail.com
937;Pedro Lopez;55;pedro.lopez937@mail.com
938;Lorena Acosta;99;lorena.acosta938@mail.com
939;Samuel Rios;16;samuel.rios939@mail.com
940;Daniel Cortes;12;daniel.cortes940@mail.com
941;Laura Castro;43;laura.castro941@mail.com
942;Mateo Cortes;95;mateo.cortes942@mail.com
943;Juan Lopez;7;juan.lopez943@mail.com
944;Samuel Gomez;99;samuel.gomez944@mail.com
945;Carlos Martinez;35;carlos.martinez945@mail.com
946;Carlos Gomez;45;carlos.gomez946@mail.com
947;Diana Lopez;95;diana.lopez947@mail.com
948;Juan Castro;18;juan.castro948@mail.com
949;Pedro Acosta;99;pedro.acosta949@mail.com
950;Andrea Ruiz;100;andrea.ruiz950@mail.com
951;Jose Hernandez;73;jose.hernandez951@mail.com
952;Pedro Vargas;31;pedro.vargas952@mail.com
953;Camila Castro;48;camila.castro953@mail.com
954;Miguel Vargas;63;miguel.vargas954@mail.com
955;Valentina Ruiz;29;valentina.ruiz955@mail.com
956;Samuel Ortega;3;samuel.ortega956@mail.com
957;Ana Garcia;22;ana.garcia957@mail.com
958;Pedro Lopez;79;pedro.lopez958@mail.com
959;Camila Ramirez;56;camila.ramirez959@mail.com
960;Andrea Ortega;13;andrea.ortega960@mail.com
961;Ana Vargas;14;ana.vargas961@mail.com
962;Andrea Hernandez;52;andrea.hernandez962@mail.com
963;Samuel Hernandez;31;samuel.hernandez963@mail.com
964;Carlos Vargas;38;carlos.vargas964@mail.com
965;Jose Garcia;65;jose.garcia965@mail.com
966;Ana Gomez;37;ana.gomez966@mail.com
967;Felipe Castro;28;felipe.castro967@mail.com
968;Daniel Gil;9;daniel.gil968@mail.com
969;Valentina Torres;36;valentina.torres969@mail.com
970;Diana Vargas;24;diana.vargas970@mail.com
971;Valentina Vargas;44;valentina.vargas971@mail.com
972;Jose Hernandez;67;jose.hernandez972@mail.com
973;Andres Lopez;16;andres.lopez973@mail.com
974;Mateo Perez;8;mateo.perez974@mail.com
975;Maria Lopez;63;maria.lopez975@mail.com
976;Juan Ruiz;29;juan.ruiz976@mail.com
977;Maria Cortes;39;maria.cortes977@mail.com
978;Felipe Garcia;35;felipe.garcia978@mail.com
979;Andres Acosta;36;andres.acosta979@mail.com
980;Samuel Vargas;46;samuel.vargas980@mail.com
981;Valentina Mendoza;41;valentina.mendoza981@mail.com
982;Lorena Mendoza;10;lorena.mendoza982@mail.com
983;Maria Vargas;82;maria.vargas983@mail.com
984;Laura Lopez;44;laura.lopez984@mail.com
985;Jose Garcia;17;jose.garcia985@mail.com
986;Laura Vargas;71;laura.vargas986@mail.com
987;Miguel Ortega;33;miguel.ortega987@mail.com
988;Maria Ramirez;39;maria.ramirez988@mail.com
989;Samuel Lopez;7;samuel.lopez989@mail.com
990;Luis Gil;74;luis.gil990@mail.com
991;Samuel Rios;99;samuel.rios991@mail.com
992;Maria Gomez;37;maria.gomez992@mail.com
993;Andrea Ramirez;47;andrea.ramirez993@mail.com
994;Valentina Garcia;45;valentina.garcia994@mail.com
995;Maria Torres;34;maria.torres995@mail.com
996;Mateo Mendoza;53;mateo.mendoza996@mail.com
997;Daniel Perez;33;daniel.perez997@mail.com
998;Andrea Martinez;74;andrea.martinez998@mail.com
999;Maria Ortega;85;maria.ortega999@mail.com
1000;Carlos Ramirez;40;carlos.ramirez1000@mail.com
